{ "workitems":
[
  {
    "worktype_id": 712,
    "worktype_label": "712 Request"
  },
  {
    "worktype_id": 1099,
    "worktype_label": "1099 Duplicate Request"
  },
  {
    "worktype_id": "1099RES",
    "worktype_label": "1099 Research"
  },
  {
    "worktype_id": "1099RETML",
    "worktype_label": "1099 Return Mail"
  },
  {
    "worktype_id": "27ERAUDIT",
    "worktype_label": "27ER Audit Transactions"
  },
  {
    "worktype_id": "403BFOLUP1",
    "worktype_label": "403B follow-up processing"
  },
  {
    "worktype_id": "403BFOLUP2",
    "worktype_label": "403B follow-up processing"
  },
  {
    "worktype_id": "403BFOLUP3",
    "worktype_label": "403B follow-up processing"
  },
  {
    "worktype_id": "712DTH",
    "worktype_label": "712 Request Due to Death"
  },
  {
    "worktype_id": "ACYRESRCH",
    "worktype_label": "Actuary Research"
  },
  {
    "worktype_id": "ADDCHG",
    "worktype_label": "Address Change"
  },
  {
    "worktype_id": "ADDCHGB",
    "worktype_label": "Address Change - Backscan"
  },
  {
    "worktype_id": "AGENTB",
    "worktype_label": "Agent Services - Backscan"
  },
  {
    "worktype_id": "AGTADD",
    "worktype_label": "Agent Address Changes"
  },
  {
    "worktype_id": "AGTADD",
    "worktype_label": "Agent Address Changes - Edward Jones Broker/Dealer"
  },
  {
    "worktype_id": "AGTAMLRTML",
    "worktype_label": "Agent AML Returned Mail"
  },
  {
    "worktype_id": "AGTBKGRD",
    "worktype_label": "Agent Background Check"
  },
  {
    "worktype_id": "AGTCHG",
    "worktype_label": "Agent Change"
  },
  {
    "worktype_id": "AGTCLTXN",
    "worktype_label": "Agent Transaction Request Received from Client"
  },
  {
    "worktype_id": "AGTCNTRSH",
    "worktype_label": "Agent Contracting Research Requests"
  },
  {
    "worktype_id": "AGTCODE",
    "worktype_label": "Agent Code Request"
  },
  {
    "worktype_id": "AGTDEATH",
    "worktype_label": "Agent Death Notification"
  },
  {
    "worktype_id": "AGTDEBT",
    "worktype_label": "Agent Debt Management"
  },
  {
    "worktype_id": "AGTEFT",
    "worktype_label": "Agent EFT Letter"
  },
  {
    "worktype_id": "AGTFILE",
    "worktype_label": "AGTFILE"
  },
  {
    "worktype_id": "AGTLIC",
    "worktype_label": "Agent Licensing Requests"
  },
  {
    "worktype_id": "AGTMRGER",
    "worktype_label": "Agent Merger"
  },
  {
    "worktype_id": "AGTNMCHG",
    "worktype_label": "Agent Name Change"
  },
  {
    "worktype_id": "AGTNPRREIN",
    "worktype_label": "Agent Reinstatements from NIPR"
  },
  {
    "worktype_id": "AGTNPRTERM",
    "worktype_label": "Agent License Terminations from NIPR"
  },
  {
    "worktype_id": "AGTORCB",
    "worktype_label": "Agent of Record Change (Bank)"
  },
  {
    "worktype_id": "AGTORCNB",
    "worktype_label": "Agent of Record Change (Non Bank)"
  },
  {
    "worktype_id": "AGTRETML",
    "worktype_label": "Agent Return Mail"
  },
  {
    "worktype_id": "AGTRSCH",
    "worktype_label": "Agent Research"
  },
  {
    "worktype_id": "AGTSECTXN",
    "worktype_label": "Agent Secured Transaction"
  },
  {
    "worktype_id": "AGTSVAGR",
    "worktype_label": "Agent Service Agreement"
  },
  {
    "worktype_id": "AGTTERMS",
    "worktype_label": "Agent Termination"
  },
  {
    "worktype_id": "AHCLM",
    "worktype_label": "A&H Claim"
  },
  {
    "worktype_id": "AHREQMNT",
    "worktype_label": "A&H Claim Requirement"
  },
  {
    "worktype_id": "AHRES",
    "worktype_label": "A&H Claim Research"
  },
  {
    "worktype_id": "ALLOCATION",
    "worktype_label": "Premium/Fund Allocation Change"
  },
  {
    "worktype_id": "AMLRVWDSK",
    "worktype_label": "Anti Money Laundering Review Desk"
  },
  {
    "worktype_id": "ANGENERIC",
    "worktype_label": "Incoming Mail for Annuites"
  },
  {
    "worktype_id": "ANNADDCHG",
    "worktype_label": "Annuity Address Change"
  },
  {
    "worktype_id": "ANNASGMNT",
    "worktype_label": "Annuity Assignment"
  },
  {
    "worktype_id": "ANNBENE",
    "worktype_label": "Annuity Beneficiary Change"
  },
  {
    "worktype_id": "ANNBILCHG",
    "worktype_label": "Annuity Billing Change"
  },
  {
    "worktype_id": "ANNCORR",
    "worktype_label": "Annuity Correspondence"
  },
  {
    "worktype_id": "ANNCSTBAS",
    "worktype_label": "Annuity Cost Basis"
  },
  {
    "worktype_id": "ANNDUPLIC",
    "worktype_label": "Annuity Duplicate Policy"
  },
  {
    "worktype_id": "ANNFORMS",
    "worktype_label": "Annuity Forms"
  },
  {
    "worktype_id": "ANNLOAN",
    "worktype_label": "Annuity Loan"
  },
  {
    "worktype_id": "ANNMAT",
    "worktype_label": "Annuity Maturity"
  },
  {
    "worktype_id": "ANNMATCORR",
    "worktype_label": "Annuity Maturity Correspondence"
  },
  {
    "worktype_id": "ANNMRD",
    "worktype_label": "Annuity Minimum Required Distribution"
  },
  {
    "worktype_id": "ANNOWNCHG",
    "worktype_label": "Annuity Name/Owner/Bene Change"
  },
  {
    "worktype_id": "ANNPOA",
    "worktype_label": "Annuity Power of Attorney"
  },
  {
    "worktype_id": "ANNPOLCERT",
    "worktype_label": "Annuity Policy Certificate"
  },
  {
    "worktype_id": "ANNPOLRES",
    "worktype_label": "Annuity Policy Research"
  },
  {
    "worktype_id": "ANNQUOTES",
    "worktype_label": "Annuity Quotes"
  },
  {
    "worktype_id": "ANNREPLACE",
    "worktype_label": "Annuity Replacement"
  },
  {
    "worktype_id": "ANNRETMAIL",
    "worktype_label": "Annuity Returned Mail"
  },
  {
    "worktype_id": "ANNSCHEDLA",
    "worktype_label": "Annuity Schedule A"
  },
  {
    "worktype_id": "ANNST",
    "worktype_label": "Annual Statement Request"
  },
  {
    "worktype_id": "ANNSTANN",
    "worktype_label": "Annuity Annual Statement"
  },
  {
    "worktype_id": "ANNSTB",
    "worktype_label": "Annual Statement - Backscan"
  },
  {
    "worktype_id": "ANNSURR",
    "worktype_label": "Annuity Surrender"
  },
  {
    "worktype_id": "ANNSURRX",
    "worktype_label": "Annuity 1035 Exchange"
  },
  {
    "worktype_id": "ANNSWP",
    "worktype_label": "Annuity Systematic Withdrawals"
  },
  {
    "worktype_id": "ANNWD",
    "worktype_label": "Annuity Withdrawal"
  },
  {
    "worktype_id": "APS",
    "worktype_label": "APS"
  },
  {
    "worktype_id": "ASGMNT",
    "worktype_label": "Assignment Added to the Policy"
  },
  {
    "worktype_id": "ASR",
    "worktype_label": "Account Status Review"
  },
  {
    "worktype_id": "AXLCLM",
    "worktype_label": "Accelerated Benefit Claim"
  },
  {
    "worktype_id": "BACKSCANB",
    "worktype_label": "Backscan Paperwork"
  },
  {
    "worktype_id": "BANKINTRFC",
    "worktype_label": "Bank One Interface QC Routine"
  },
  {
    "worktype_id": "BENECHG",
    "worktype_label": "Beneficiary Change Request"
  },
  {
    "worktype_id": "BILCHG",
    "worktype_label": "Billing Change Request"
  },
  {
    "worktype_id": "BNKDEPOSIT",
    "worktype_label": "Bank Deposit - QC Interface"
  },
  {
    "worktype_id": "BULKMAIL",
    "worktype_label": "Return Mail from Mass Mailings"
  },
  {
    "worktype_id": "CASHMGTB",
    "worktype_label": "Cash Management Backscanning"
  },
  {
    "worktype_id": "CASHTREND",
    "worktype_label": "Income Account Analysis"
  },
  {
    "worktype_id": "CCAUTH",
    "worktype_label": "Credit Card Authorization"
  },
  {
    "worktype_id": "CDSCHKCOPY",
    "worktype_label": "Scaned Image of a Check Request"
  },
  {
    "worktype_id": "CDSINTRFC",
    "worktype_label": "CDS Interface QC"
  },
  {
    "worktype_id": "CDSRETCK",
    "worktype_label": "CDS Returned Checks"
  },
  {
    "worktype_id": "CDSVALIDTN",
    "worktype_label": "CDS Validation"
  },
  {
    "worktype_id": "CHECKB",
    "worktype_label": "Checks - Backscan"
  },
  {
    "worktype_id": "CHGEFT",
    "worktype_label": "EFT Change Transaction Ripped"
  },
  {
    "worktype_id": "CHKREISS",
    "worktype_label": "Check Reissue"
  },
  {
    "worktype_id": "CLAIMDOCSB",
    "worktype_label": "Claim Docs - Backscan"
  },
  {
    "worktype_id": "CLASGMNT",
    "worktype_label": "Claims Assignment"
  },
  {
    "worktype_id": "CLCHKREISS",
    "worktype_label": "Claims Check Reissue"
  },
  {
    "worktype_id": "CLFAX",
    "worktype_label": "Claims Fax"
  },
  {
    "worktype_id": "CLINQLET",
    "worktype_label": "Claims - Inquiry Letter"
  },
  {
    "worktype_id": "CLMFILEREQ",
    "worktype_label": "Claim File Request"
  },
  {
    "worktype_id": "CLRECOVERY",
    "worktype_label": "Claims Collection of Funds due to Overpayment"
  },
  {
    "worktype_id": "CLREFUND",
    "worktype_label": "Claims Refunds"
  },
  {
    "worktype_id": "CLREQMNT",
    "worktype_label": "Claims Requirement"
  },
  {
    "worktype_id": "CLRETEFTCR",
    "worktype_label": "Claims Returned EFT Credit"
  },
  {
    "worktype_id": "CLSEARCH",
    "worktype_label": "Claims search"
  },
  {
    "worktype_id": "CLSTOP",
    "worktype_label": "Claims Stop Payment"
  },
  {
    "worktype_id": "CLUNCPROP",
    "worktype_label": "Claims Unclaimed Property"
  },
  {
    "worktype_id": "CLVOID",
    "worktype_label": "Claims Voided Check"
  },
  {
    "worktype_id": "CMREFUND",
    "worktype_label": "Commission Refunds"
  },
  {
    "worktype_id": "CMRETEFTCR",
    "worktype_label": "Commission Returned EFT Credit"
  },
  {
    "worktype_id": "CMSTOP",
    "worktype_label": "Commission Stops"
  },
  {
    "worktype_id": "CMVOID",
    "worktype_label": "Commission Voids"
  },
  {
    "worktype_id": "CNTINVREIM",
    "worktype_label": "Investigation Reimbursement for Contestable Claim"
  },
  {
    "worktype_id": "CNTSTCLM",
    "worktype_label": "Contestable Death Claim Processing (Notification & Followup)"
  },
  {
    "worktype_id": "CNTSTCLM1",
    "worktype_label": "Contestable Death Claim Processing (Notification & Followup) w/ Special Handling & High $ Amount"
  },
  {
    "worktype_id": "CNTSTCLPD",
    "worktype_label": "Contestable Death Claim Payment"
  },
  {
    "worktype_id": "COLLECTION",
    "worktype_label": "COLLECTION"
  },
  {
    "worktype_id": "COMMCHECK",
    "worktype_label": "Commissions Check Approval Routine"
  },
  {
    "worktype_id": "COMMSN",
    "worktype_label": "Manual Commissions/Bonus"
  },
  {
    "worktype_id": "COMPLAINT",
    "worktype_label": "Complaints"
  },
  {
    "worktype_id": "CONVRCL",
    "worktype_label": "Conversion Requests to Client"
  },
  {
    "worktype_id": "CONVRCLGIO",
    "worktype_label": "GIO Conversion Requests to Client"
  },
  {
    "worktype_id": "CONVRSN",
    "worktype_label": "Conversions and non-cancer policies"
  },
  {
    "worktype_id": "CONVRSNMNY",
    "worktype_label": "Conversion with money"
  },
  {
    "worktype_id": "CORRERR",
    "worktype_label": "LifeComm Correspondence Error Import"
  },
  {
    "worktype_id": "CORRESP",
    "worktype_label": "Correspondence Request - Verification of Coverage"
  },
  {
    "worktype_id": "CORRESPB",
    "worktype_label": "Correspondence Backscan"
  },
  {
    "worktype_id": "COSTBAS",
    "worktype_label": "Cost Basis Letter"
  },
  {
    "worktype_id": "CSEFT",
    "worktype_label": "Client Services - Manual EFT Request"
  },
  {
    "worktype_id": "CSGENERIC",
    "worktype_label": "Customer Services Generic - incoming mail"
  },
  {
    "worktype_id": "CSREFUND",
    "worktype_label": "Customer Service Refund"
  },
  {
    "worktype_id": "CSRETEFTCR",
    "worktype_label": "Client Services Returned EFT Credit"
  },
  {
    "worktype_id": "CVCCNSRVTN",
    "worktype_label": "CVC Conservation Processing - CLIENT USE ONLY"
  },
  {
    "worktype_id": "DCA",
    "worktype_label": "Dollar Cost Averaging"
  },
  {
    "worktype_id": "DCPAY",
    "worktype_label": "Death Claim Payment (CMA)"
  },
  {
    "worktype_id": "DIADMIN",
    "worktype_label": "Living Benefits Admin Change Requests"
  },
  {
    "worktype_id": "DIAPPEAL",
    "worktype_label": "Living Benefits Appeal Process"
  },
  {
    "worktype_id": "DICLAIM",
    "worktype_label": "Living Benefits Claim"
  },
  {
    "worktype_id": "DICLOSEDWO",
    "worktype_label": "Living Benefits Closed Waiver Only"
  },
  {
    "worktype_id": "DICONTPAY",
    "worktype_label": "Living Benefits Manual Processing of Payment"
  },
  {
    "worktype_id": "DIGENERICB",
    "worktype_label": "*Conversion Use Only*"
  },
  {
    "worktype_id": "DINOTICE",
    "worktype_label": "Living Benefits Claim Notice"
  },
  {
    "worktype_id": "DIPAYMENT",
    "worktype_label": "Living Benefits Payment Approval - Final Proof of Loss"
  },
  {
    "worktype_id": "DIPENDING",
    "worktype_label": "Living Benefits Claim Pending Payment"
  },
  {
    "worktype_id": "DIPYMNT",
    "worktype_label": "Living Benefits Payment Manual Check"
  },
  {
    "worktype_id": "DIREQMNT",
    "worktype_label": "Living Benefits Requirement"
  },
  {
    "worktype_id": "DIRES",
    "worktype_label": "Living Benefits Research"
  },
  {
    "worktype_id": "DIREVIEW",
    "worktype_label": "Living Benefits Claim Review"
  },
  {
    "worktype_id": "DISAM",
    "worktype_label": "Living Benefits Stable and Mature Clams"
  },
  {
    "worktype_id": "DISBJE",
    "worktype_label": "Disbursement/Journal Entry Voucher"
  },
  {
    "worktype_id": "DIVIDEND",
    "worktype_label": "Dividend Information"
  },
  {
    "worktype_id": "DIVMAN",
    "worktype_label": "Manual Dividend Processing"
  },
  {
    "worktype_id": "DIVREISS",
    "worktype_label": "Dividend Reissue Check"
  },
  {
    "worktype_id": "DIVSTOP",
    "worktype_label": "Dividend Stop Check"
  },
  {
    "worktype_id": "DIVVOID",
    "worktype_label": "Dividend Void Check"
  },
  {
    "worktype_id": "DOICOMP",
    "worktype_label": "Department of Insurance Complaint"
  },
  {
    "worktype_id": "DTHCLM",
    "worktype_label": "Death Claim Processing (Notification & Followup)"
  },
  {
    "worktype_id": "DTHCLM1",
    "worktype_label": "Death Claim Processing (Notification & Followup) w/ Special Handling or High $ Amount"
  },
  {
    "worktype_id": "DTHCLMJET",
    "worktype_label": "Death Claim Process for Jet Claims"
  },
  {
    "worktype_id": "DTHCLMJET1",
    "worktype_label": "Death Claim Process for Jet Claims with more than one policy"
  },
  {
    "worktype_id": "DTHCLMPD",
    "worktype_label": "Death Claim Payment"
  },
  {
    "worktype_id": "DTHCPDEFT",
    "worktype_label": "Death Claim EFT Payment"
  },
  {
    "worktype_id": "DTHCPJET",
    "worktype_label": "Death Claim Jet Payment"
  },
  {
    "worktype_id": "DTHJTPDEFT",
    "worktype_label": "Death Claim Jet EFT Payment"
  },
  {
    "worktype_id": "DTHRES",
    "worktype_label": "Death Claim Research"
  },
  {
    "worktype_id": "DUPLIC",
    "worktype_label": "Duplicate Policy"
  },
  {
    "worktype_id": "EFTRESRCH",
    "worktype_label": "EFT Research"
  },
  {
    "worktype_id": "EKG",
    "worktype_label": "EKG"
  },
  {
    "worktype_id": "FAX",
    "worktype_label": "Inbound Fax"
  },
  {
    "worktype_id": "FILE",
    "worktype_label": "Policy File"
  },
  {
    "worktype_id": "FILEB",
    "worktype_label": "Policy File Backscan"
  },
  {
    "worktype_id": "FILECASE",
    "worktype_label": "FILECASE"
  },
  {
    "worktype_id": "FILEPRVCY",
    "worktype_label": "FILEPRVCY"
  },
  {
    "worktype_id": "FILEUWB",
    "worktype_label": "Underwriting File Backscan"
  },
  {
    "worktype_id": "FINCEN",
    "worktype_label": "Federal Crimes Enforcement Network"
  },
  {
    "worktype_id": "FNLRESP",
    "worktype_label": "Final Response for Compliance"
  },
  {
    "worktype_id": "FORMS",
    "worktype_label": "Forms Request"
  },
  {
    "worktype_id": "FSEFT",
    "worktype_label": "Financial Services - Manual EFT Request"
  },
  {
    "worktype_id": "FSGENERIC",
    "worktype_label": "Financial Services Generic"
  },
  {
    "worktype_id": "FSPOLOAN",
    "worktype_label": "Policy Loan Reconciliation"
  },
  {
    "worktype_id": "FSREFUND",
    "worktype_label": "Financial Services Refund"
  },
  {
    "worktype_id": "FSREISS",
    "worktype_label": "Financial Services Reissue Check"
  },
  {
    "worktype_id": "FSRETEFTCR",
    "worktype_label": "Miscellaneous Returned EFT Credit"
  },
  {
    "worktype_id": "FSSTOP",
    "worktype_label": "Financial Services Stop Check"
  },
  {
    "worktype_id": "FSVOID",
    "worktype_label": "Financial Services Void Check"
  },
  {
    "worktype_id": "FUNDTRANS",
    "worktype_label": "Fund Transfer"
  },
  {
    "worktype_id": "GLINTRFC",
    "worktype_label": "Cyberlife to ABC Interface QC"
  },
  {
    "worktype_id": "GOVALLOT",
    "worktype_label": "Government Allotment Research"
  },
  {
    "worktype_id": "HMOFFRTRN",
    "worktype_label": "Paperwork to be returned to Home Office"
  },
  {
    "worktype_id": "ILLUST",
    "worktype_label": "Illustration/Re-proposal"
  },
  {
    "worktype_id": "ILLUSTB",
    "worktype_label": "Illustration - Backscan"
  },
  {
    "worktype_id": "INQUIRY",
    "worktype_label": "Inquiry"
  },
  {
    "worktype_id": "INTERVIEW",
    "worktype_label": "INTERVIEW"
  },
  {
    "worktype_id": "INVESTGATE",
    "worktype_label": "INVESTGATE"
  },
  {
    "worktype_id": "IR",
    "worktype_label": "IR"
  },
  {
    "worktype_id": "LAB",
    "worktype_label": "LAB"
  },
  {
    "worktype_id": "LBBACKUPB",
    "worktype_label": "Listbill Backup - Backscan"
  },
  {
    "worktype_id": "LCKBOXERR",
    "worktype_label": "Lock Box Errors"
  },
  {
    "worktype_id": "LEGAL",
    "worktype_label": "Legal"
  },
  {
    "worktype_id": "LEGALB",
    "worktype_label": "Legal File Backscan"
  },
  {
    "worktype_id": "LISTBILL",
    "worktype_label": "List Bill Change or Addition"
  },
  {
    "worktype_id": "LOAN",
    "worktype_label": "Loan Request (by phone)"
  },
  {
    "worktype_id": "LOANRES",
    "worktype_label": "Loan Research"
  },
  {
    "worktype_id": "MANBILL",
    "worktype_label": "Manual Bill Request"
  },
  {
    "worktype_id": "MANEFT",
    "worktype_label": "Create EFT Draft"
  },
  {
    "worktype_id": "MANEFTB",
    "worktype_label": "ACH Payment"
  },
  {
    "worktype_id": "MATCORR",
    "worktype_label": "Maturity Correspondence/Notification"
  },
  {
    "worktype_id": "MATURITY",
    "worktype_label": "Maturity"
  },
  {
    "worktype_id": "MEDICAL",
    "worktype_label": "MEDICAL"
  },
  {
    "worktype_id": "MIB",
    "worktype_label": "MIB"
  },
  {
    "worktype_id": "MINPREM",
    "worktype_label": "Minimum Premium Quote"
  },
  {
    "worktype_id": "NB1035",
    "worktype_label": "NB1035"
  },
  {
    "worktype_id": "NB1035X",
    "worktype_label": "NB1035X"
  },
  {
    "worktype_id": "NBAPP",
    "worktype_label": "NBAPP"
  },
  {
    "worktype_id": "NBAPPB",
    "worktype_label": "New Business Application - Backscan (Transition)"
  },
  {
    "worktype_id": "NBFILE",
    "worktype_label": "NBFILE"
  },
  {
    "worktype_id": "NBGENERIC",
    "worktype_label": "New Business Generic (Transition)"
  },
  {
    "worktype_id": "NBINQUIRY",
    "worktype_label": "NBINQUIRY"
  },
  {
    "worktype_id": "NBPAYMENT",
    "worktype_label": "NBPAYMENT"
  },
  {
    "worktype_id": "NBPOLCHG",
    "worktype_label": "NBPOLCHG"
  },
  {
    "worktype_id": "NBPREMIUM",
    "worktype_label": "NBPREMIUM"
  },
  {
    "worktype_id": "NBREFUND",
    "worktype_label": "NBREFUND"
  },
  {
    "worktype_id": "NBREINSURE",
    "worktype_label": "NBREINSURE"
  },
  {
    "worktype_id": "NBREISSUE",
    "worktype_label": "NBREISSUE"
  },
  {
    "worktype_id": "NBREPLACE",
    "worktype_label": "NBREPLACE"
  },
  {
    "worktype_id": "NBREQMNT",
    "worktype_label": "NBREQMNT"
  },
  {
    "worktype_id": "NFO",
    "worktype_label": "NFO Option, Arrears, & OPTI policy Processing"
  },
  {
    "worktype_id": "NOBARCODE",
    "worktype_label": "BancTec Error in Creating the Proper Work Type"
  },
  {
    "worktype_id": "NOTEPADB",
    "worktype_label": "Policy Administration Notepad Archive"
  },
  {
    "worktype_id": "NTO",
    "worktype_label": "Not-Taken - Inforce Policy"
  },
  {
    "worktype_id": "OADRTML",
    "worktype_label": "Old Address Change Return Mail"
  },
  {
    "worktype_id": "OFAC",
    "worktype_label": "Office of Foreign Asset Control"
  },
  {
    "worktype_id": "OVERLOAN",
    "worktype_label": "Overloan Policy"
  },
  {
    "worktype_id": "OWNCHG",
    "worktype_label": "Name/Owner Change"
  },
  {
    "worktype_id": "PHONE",
    "worktype_label": "Incoming Telephone Call"
  },
  {
    "worktype_id": "POA",
    "worktype_label": "Power Of Attorney"
  },
  {
    "worktype_id": "POLCERT",
    "worktype_label": "Policy Certificate"
  },
  {
    "worktype_id": "POLCHG",
    "worktype_label": "Policy Change Request"
  },
  {
    "worktype_id": "POLCHGB",
    "worktype_label": "POLCHGB"
  },
  {
    "worktype_id": "POLCHGCPLX",
    "worktype_label": "Policy Change Complex"
  },
  {
    "worktype_id": "POLINQUIRY",
    "worktype_label": "Policy Inquiry"
  },
  {
    "worktype_id": "POLPGB",
    "worktype_label": "Policy Page Backscan (Transition)"
  },
  {
    "worktype_id": "POLRES",
    "worktype_label": "Policy Research"
  },
  {
    "worktype_id": "PORTREBAL",
    "worktype_label": "Portfolio Rebalancing"
  },
  {
    "worktype_id": "PREMIUM",
    "worktype_label": "Premium or Loan Payment"
  },
  {
    "worktype_id": "PREMCOUPON",
    "worktype_label": "Premium with Coupon for Premium/Loan Payment"
  },
  {
    "worktype_id": "PREMREFUND",
    "worktype_label": "Premium Refund"
  },
  {
    "worktype_id": "PREMREISS",
    "worktype_label": "Premium Reissue Check"
  },
  {
    "worktype_id": "PREMSTOP",
    "worktype_label": "Premium Stop Check"
  },
  {
    "worktype_id": "PREMVOID",
    "worktype_label": "Premium Void Check"
  },
  {
    "worktype_id": "PREP",
    "worktype_label": "Prep/Mail Processing"
  },
  {
    "worktype_id": "PRMRESRCH",
    "worktype_label": "Premium or Loan Research"
  },
  {
    "worktype_id": "PS58",
    "worktype_label": "PS58 Request"
  },
  {
    "worktype_id": "QUOTES",
    "worktype_label": "Annual Renewable Term Quotes, NFO Quotes, MEC Quotes, CV Letters"
  },
  {
    "worktype_id": "REDETRM",
    "worktype_label": "Policies with Redetermination Option"
  },
  {
    "worktype_id": "REENTRY",
    "worktype_label": "Policy Re-Entry"
  },
  {
    "worktype_id": "REG60",
    "worktype_label": "REG60"
  },
  {
    "worktype_id": "REGREP",
    "worktype_label": "Register/Report Processing"
  },
  {
    "worktype_id": "REINCHECK",
    "worktype_label": "Reinsurance Check"
  },
  {
    "worktype_id": "REINREFUND",
    "worktype_label": "Reinstatement Refund"
  },
  {
    "worktype_id": "REINST",
    "worktype_label": "Reinstatement Request"
  },
  {
    "worktype_id": "REINSTAPRV",
    "worktype_label": "Reinstatement Approval"
  },
  {
    "worktype_id": "REINSTFORM",
    "worktype_label": "Reinstatement Form Request"
  },
  {
    "worktype_id": "REINSTMNY",
    "worktype_label": "Reinstatement Processing with money"
  },
  {
    "worktype_id": "REINSTNOUW",
    "worktype_label": "Reinstatement No UW"
  },
  {
    "worktype_id": "REINSURE",
    "worktype_label": "Reinsurance Processing"
  },
  {
    "worktype_id": "REINSUREB",
    "worktype_label": "Reinsurance Backscan"
  },
  {
    "worktype_id": "REINSURGEN",
    "worktype_label": "Reinsurance Legal/Investigative Expenses"
  },
  {
    "worktype_id": "REISSUE",
    "worktype_label": "REISSUE"
  },
  {
    "worktype_id": "REPLACE",
    "worktype_label": "Replacement Request"
  },
  {
    "worktype_id": "RETCHK",
    "worktype_label": "Returned Check - NSF"
  },
  {
    "worktype_id": "RETEFT",
    "worktype_label": "Returned EFT"
  },
  {
    "worktype_id": "RETMAIL",
    "worktype_label": "Return Mail"
  },
  {
    "worktype_id": "SAMPLEPOLB",
    "worktype_label": "Sample Policy Page - Backscan"
  },
  {
    "worktype_id": "SCHEDULEA",
    "worktype_label": "Schedule A"
  },
  {
    "worktype_id": "SCNDRYADD",
    "worktype_label": "Secondary Addressee"
  },
  {
    "worktype_id": "STOP",
    "worktype_label": "Stop Payment"
  },
  {
    "worktype_id": "STOPPRECNV",
    "worktype_label": "Stop Payment - PreConversion Check"
  },
  {
    "worktype_id": "STTLMNTRSP",
    "worktype_label": "Settlement Option Response"
  },
  {
    "worktype_id": "SUGGRESP",
    "worktype_label": "Supporting Documentation for Compliance"
  },
  {
    "worktype_id": "SURR",
    "worktype_label": "Surrender/Termination/Cancellation"
  },
  {
    "worktype_id": "SURRX",
    "worktype_label": "1035 Exchange"
  },
  {
    "worktype_id": "SUSPCD",
    "worktype_label": "Suspended Policies - APROCESS"
  },
  {
    "worktype_id": "SUSPCD",
    "worktype_label": "Suspended Policies - BPROCESS"
  },
  {
    "worktype_id": "TAXFILEB",
    "worktype_label": "TAXFILEB"
  },
  {
    "worktype_id": "TAXQUOTE",
    "worktype_label": "Tax Quote"
  },
  {
    "worktype_id": "TCAN",
    "worktype_label": "Term Cancellations"
  },
  {
    "worktype_id": "TDERROR",
    "worktype_label": "Time Driven Error Import"
  },
  {
    "worktype_id": "TDERRORFS",
    "worktype_label": "Time Driven Error Import"
  },
  {
    "worktype_id": "TEFRA",
    "worktype_label": "TEFRA"
  },
  {
    "worktype_id": "TRASH",
    "worktype_label": "Trash - Work"
  },
  {
    "worktype_id": "TREASURY",
    "worktype_label": "Treasury Processing"
  },
  {
    "worktype_id": "TREATY",
    "worktype_label": "Treaty Document"
  },
  {
    "worktype_id": "TREATYAMNT",
    "worktype_label": "Treaty Amendment"
  },
  {
    "worktype_id": "UNCMAILFAX",
    "worktype_label": "Unclaimed Property Mailed or Faxed"
  },
  {
    "worktype_id": "UNCPROP",
    "worktype_label": "Unclaimed Property"
  },
  {
    "worktype_id": "UNCPSTOP",
    "worktype_label": "Unclaimed Property - Stop Payment"
  },
  {
    "worktype_id": "UNCPVOID",
    "worktype_label": "Unclaimed Property - Void"
  },
  {
    "worktype_id": "UNCREISSUE",
    "worktype_label": "Unclaimed Property - Reissue"
  },
  {
    "worktype_id": "UNDAUDIT",
    "worktype_label": "Underwriter Audit"
  },
  {
    "worktype_id": "USUSPCD",
    "worktype_label": "Unsuspended Policies - APROCESS"
  },
  {
    "worktype_id": "USUSPCD",
    "worktype_label": "Unsuspended Policies - BPROCESS"
  },
  {
    "worktype_id": "UWDECISION",
    "worktype_label": "UWDECISION"
  },
  {
    "worktype_id": "UWFILEB",
    "worktype_label": "UWFILEB"
  },
  {
    "worktype_id": "UWPRIVATE",
    "worktype_label": "UWPRIVATE"
  },
  {
    "worktype_id": "UWQUOTE",
    "worktype_label": "UWQUOTE"
  },
  {
    "worktype_id": "UWREQMNT",
    "worktype_label": "UWREQMNT"
  },
  {
    "worktype_id": "UWREVIEW",
    "worktype_label": "UWREVIEW"
  },
  {
    "worktype_id": "VERBAL",
    "worktype_label": "Verbal Complaints"
  },
  {
    "worktype_id": "VIP",
    "worktype_label": "Very Important Paperwork"
  },
  {
    "worktype_id": "VOID",
    "worktype_label": "Voided Check"
  },
  {
    "worktype_id": "WEBREG",
    "worktype_label": "Web Registration Letter File Copy"
  },
  {
    "worktype_id": "WHCHECK",
    "worktype_label": "Withholding Check sent to States"
  },
  {
    "worktype_id": "WIRE",
    "worktype_label": "Wire Transfer - Out"
  },
  {
    "worktype_id": "WIREIN",
    "worktype_label": "Wire Transfer - In (Reinsurance Recoverables)"
  },
  {
    "worktype_id": "WITHDRAW",
    "worktype_label": "Withdrawal/Partial Surrender"
  },
  {
    "worktype_id": "WITHHLDNOT",
    "worktype_label": "Withhold Notice"
  },
  {
    "worktype_id": "WPANNUAL",
    "worktype_label": "Waiver of Premium Annual Review"
  },
  {
    "worktype_id": "WPANNUAL1",
    "worktype_label": "Waiver of Premium Annual Review 1"
  },
  {
    "worktype_id": "WPCLAIM",
    "worktype_label": "WPCLAIM"
  },
  {
    "worktype_id": "WPCONTPAY",
    "worktype_label": "WPCONTPAY"
  },
  {
    "worktype_id": "WPFOLLOW",
    "worktype_label": "Waiver of Premium Follow Up"
  },
  {
    "worktype_id": "WPFOLLOW1",
    "worktype_label": "Waiver of Premium Follow Up 1"
  },
  {
    "worktype_id": "WPNOTICE",
    "worktype_label": "Waiver of Premium Notice"
  },
  {
    "worktype_id": "WPPD",
    "worktype_label": "Waiver of Premium Paid Claims"
  },
  {
    "worktype_id": "WPPENDING",
    "worktype_label": "WPPENDING"
  },
  {
    "worktype_id": "WPREQMNT",
    "worktype_label": "Waiver of Premium Requirement"
  },
  {
    "worktype_id": "WPRES",
    "worktype_label": "Waiver of Premium Research"
  },
  {
    "worktype_id": "RETCALL",
    "worktype_label": "Return Call"
  },
  {
    "worktype_id": "ESCLATE1",
    "worktype_label": "Escalate1"
  },
  {
    "worktype_id": "ESCLATE2",
    "worktype_label": "Escalate2"
  },
  {
    "worktype_id": "ESCLATE3",
    "worktype_label": "Escalate3"
  },
  {
    "worktype_id": "ESCLATE8",
    "worktype_label": "Escalate8"
  },
  {
    "worktype_id": "LOANEFT",
    "worktype_label": "Loan EFT"
  },
  {
    "worktype_id": 5498,
    "worktype_label": "5498 Processing"
  },
  {
    "worktype_id": "1035INC",
    "worktype_label": "Incoming 1035 Exchange Processing"
  },
  {
    "worktype_id": "1035INT",
    "worktype_label": "Internal 1035 Exchange"
  },
  {
    "worktype_id": "ADPTLIC",
    "worktype_label": "Adoption Agent Contract"
  },
  {
    "worktype_id": "AFEPURGE",
    "worktype_label": "AFE System Purge Request"
  },
  {
    "worktype_id": "AGBENEFITS",
    "worktype_label": "Agent Benefits"
  },
  {
    "worktype_id": "AGCNTRSH",
    "worktype_label": "Agent Research"
  },
  {
    "worktype_id": "AGCOMMHLD",
    "worktype_label": "Agent Commision On Hold"
  },
  {
    "worktype_id": "AGTADPT",
    "worktype_label": "Agent - Adoption Agent Paperwork"
  },
  {
    "worktype_id": "AGTANNLZ",
    "worktype_label": "*Conversion Use Only* / New Business Returned EFT"
  },
  {
    "worktype_id": "AGTAPPT",
    "worktype_label": "Agent Appointment Processing"
  },
  {
    "worktype_id": "AGTASSIGN",
    "worktype_label": "Agent Assignment"
  },
  {
    "worktype_id": "AGTAUDIT",
    "worktype_label": "*Conversion Use Only* / Agent Commission Audit"
  },
  {
    "worktype_id": "AGTBENE",
    "worktype_label": "*Conversion Use Only* / Agent Beneficiary Information"
  },
  {
    "worktype_id": "AGTBENEFIT",
    "worktype_label": "Agent Benefits *Conversion Use Only*"
  },
  {
    "worktype_id": "AGTBULKRML",
    "worktype_label": "Agent Bulk Returned Mail"
  },
  {
    "worktype_id": "AGTCERT",
    "worktype_label": "Agent Certification"
  },
  {
    "worktype_id": "AGTCORR",
    "worktype_label": "*Conversion Use Only* / Agent Correspondence"
  },
  {
    "worktype_id": "AGTEMAIL",
    "worktype_label": "Agent Email"
  },
  {
    "worktype_id": "AGTLEGAL",
    "worktype_label": "Agent Legal   *Conversion Use*"
  },
  {
    "worktype_id": "AGTLEVY",
    "worktype_label": "Agent Levy"
  },
  {
    "worktype_id": "AGTLOAN",
    "worktype_label": "Agent Loan     *Conversion Use*"
  },
  {
    "worktype_id": "AGTNEW",
    "worktype_label": "Agent - New Agent Contracting Paperwork"
  },
  {
    "worktype_id": "AGTNSMTL",
    "worktype_label": "Agent Transmittal"
  },
  {
    "worktype_id": "AGTOFAC",
    "worktype_label": "*Conversion Use Only - Agent OFAC"
  },
  {
    "worktype_id": "AGTPHONE",
    "worktype_label": "Agent Phone Calls"
  },
  {
    "worktype_id": "AGTPYMT",
    "worktype_label": "*Conversion Use Only - Agent Payment"
  },
  {
    "worktype_id": "AGTREINST",
    "worktype_label": "Agent Reinstatement"
  },
  {
    "worktype_id": "AGTREQMNT",
    "worktype_label": "Agent Licensing Requirement"
  },
  {
    "worktype_id": "AGTRETCK",
    "worktype_label": "*Conversion Use Only - Agent Returned Check"
  },
  {
    "worktype_id": "AGTWIRE",
    "worktype_label": "Agent Wire Transfer Request"
  },
  {
    "worktype_id": "BANKADJUST",
    "worktype_label": "Bank Adjustment"
  },
  {
    "worktype_id": "AGTRETEFT",
    "worktype_label": "*Conversion Use Only* / Agent Returned EFT"
  },
  {
    "worktype_id": "BANKRECON",
    "worktype_label": "Bank Reconciliation"
  },
  {
    "worktype_id": "BANKRUPTCY",
    "worktype_label": "Client Services Bankruptcy Processing"
  },
  {
    "worktype_id": "CASHEQVB",
    "worktype_label": "CASHEQVB"
  },
  {
    "worktype_id": "CDSRETCK2",
    "worktype_label": "CDS Returned Checks"
  },
  {
    "worktype_id": "CLFIX",
    "worktype_label": "Death Claim Research - Restricted Policy"
  },
  {
    "worktype_id": "CLJETFAX",
    "worktype_label": "Claims Incoming Jet Faxes"
  },
  {
    "worktype_id": "CLPREUCP",
    "worktype_label": "Claims Unclaimed Property"
  },
  {
    "worktype_id": "CLRFUNDEFT",
    "worktype_label": "Claims Refunds EFT Payment"
  },
  {
    "worktype_id": "CMREISS",
    "worktype_label": "Commission Reissue"
  },
  {
    "worktype_id": "CMRFUNDEFT",
    "worktype_label": "Commission Refunds EFT Payment"
  },
  {
    "worktype_id": "CNTINRMEFT",
    "worktype_label": "Investigation Reimbursement for Contestable Claim EFT Payment"
  },
  {
    "worktype_id": "CNTSTCPOE",
    "worktype_label": "Contestable POE Claim"
  },
  {
    "worktype_id": "CNTSTPDEFT",
    "worktype_label": "Contestable Death Claim EFT Payment"
  },
  {
    "worktype_id": "CRLLETTER",
    "worktype_label": "NB CRL Letter Received by FTP"
  },
  {
    "worktype_id": "CSRFUNDEFT",
    "worktype_label": "Customer Service Refund EFT Payment"
  },
  {
    "worktype_id": "DICLAIM",
    "worktype_label": "Disability Income Claim"
  },
  {
    "worktype_id": "DICONTPAY",
    "worktype_label": "Disability Income Continuing Payments"
  },
  {
    "worktype_id": "DIFAX",
    "worktype_label": "Disability Income Incoming Faxes"
  },
  {
    "worktype_id": "DINOTICE",
    "worktype_label": "Disability Income Claim Notice"
  },
  {
    "worktype_id": "DISETTLE",
    "worktype_label": "Disability Income Settlement"
  },
  {
    "worktype_id": "DOLREVIEW",
    "worktype_label": "Department of Labor Review - New Business"
  },
  {
    "worktype_id": "DTHCERT",
    "worktype_label": "Death Certificate"
  },
  {
    "worktype_id": "DTHCLMPOE",
    "worktype_label": "Death Claim Processing (Notifcation & Followup) - Proof of Existence"
  },
  {
    "worktype_id": "DTHCLMPOE1",
    "worktype_label": "Death Claim Processing (Notifcation & Followup) - Proof of Existence w/ Special Handling or High $ Amount"
  },
  {
    "worktype_id": "DTHCPDJET",
    "worktype_label": "Death Claim Jet Payment"
  },
  {
    "worktype_id": "DTHCPDPOE",
    "worktype_label": "Death Claim Payment - Proof of Existence"
  },
  {
    "worktype_id": "DTHCPOEEFT",
    "worktype_label": "Death Claim EFT Payment - Proof of Existence"
  },
  {
    "worktype_id": "EMAIL",
    "worktype_label": "Incoming Email"
  },
  {
    "worktype_id": "EMERGORDER",
    "worktype_label": "Emergency Order"
  },
  {
    "worktype_id": "ESCLATE4",
    "worktype_label": "Escalation Process 4"
  },
  {
    "worktype_id": "ESCLATE5",
    "worktype_label": "Escalation Process 5"
  },
  {
    "worktype_id": "ESCLATE6",
    "worktype_label": "Escalation Process 6"
  },
  {
    "worktype_id": "ESCLATE7",
    "worktype_label": "Escalation Process 7"
  },
  {
    "worktype_id": "ESCLATE9",
    "worktype_label": "Escalation Process 9"
  },
  {
    "worktype_id": "FILECONV",
    "worktype_label": "File Conversion (FILM)"
  },
  {
    "worktype_id": "FSREISSU",
    "worktype_label": "Financial Services Reissue Check"
  },
  {
    "worktype_id": "FSRFUNDEFT",
    "worktype_label": "Financial Services Refund EFT"
  },
  {
    "worktype_id": "FUNDALLOC",
    "worktype_label": "Fund Allocation"
  },
  {
    "worktype_id": "ILLUSTRES",
    "worktype_label": "Illustration - Research"
  },
  {
    "worktype_id": "ILLUSTRG60",
    "worktype_label": "Illustration - Reg 60"
  },
  {
    "worktype_id": "LAPSE",
    "worktype_label": "Lapsed Policy Correspondence"
  },
  {
    "worktype_id": "LAPSEPEND",
    "worktype_label": "Lapse Pending Policy Correspondence"
  },
  {
    "worktype_id": "LEVY",
    "worktype_label": "Levy Processing"
  },
  {
    "worktype_id": "MATRITYEFT",
    "worktype_label": "Maturity EFT Payment"
  },
  {
    "worktype_id": "NB1035EXCH",
    "worktype_label": "New Business 1035 Exchange"
  },
  {
    "worktype_id": "NBAGGREQ",
    "worktype_label": "nbA Aggregate Requirement"
  },
  {
    "worktype_id": "NBAGTLICNS",
    "worktype_label": "nbA Agent License"
  },
  {
    "worktype_id": "NBAPP",
    "worktype_label": "New Business Paperwork (Conversion Only)"
  },
  {
    "worktype_id": "NBAPPLCTN",
    "worktype_label": "nbA Application"
  },
  {
    "worktype_id": "NBCNTCHG",
    "worktype_label": "nbA Contract Change"
  },
  {
    "worktype_id": "NBCOLI",
    "worktype_label": "New Business - Prosessing for Corpoprate Owned Life Insurance"
  },
  {
    "worktype_id": "NBCWA",
    "worktype_label": "nbA Cash with Applicatoin"
  },
  {
    "worktype_id": "NBFAX",
    "worktype_label": "New Business Incoming Fax"
  },
  {
    "worktype_id": "NBMANEFT",
    "worktype_label": "New Business Manual EFT Processing"
  },
  {
    "worktype_id": "NBMISCMAIL",
    "worktype_label": "nbA Miscellaneous Mail"
  },
  {
    "worktype_id": "NBMISCWORK",
    "worktype_label": "nbA Miscellaneous Work"
  },
  {
    "worktype_id": "NBNTO",
    "worktype_label": "New Business Not Taken Request"
  },
  {
    "worktype_id": "NBPAYMENT",
    "worktype_label": "nbA Generic Payment"
  },
  {
    "worktype_id": "NBPOLPRINT",
    "worktype_label": "New Business Policy Print Process"
  },
  {
    "worktype_id": "NBPOLREISS",
    "worktype_label": "New Business- Policy Reissue"
  },
  {
    "worktype_id": "NBPOLRETML",
    "worktype_label": "New Buisness - Policy Returned Mail"
  },
  {
    "worktype_id": "NBREFUND",
    "worktype_label": "New Business Refund of Initial Premium"
  },
  {
    "worktype_id": "NBREISSUE",
    "worktype_label": "New Business Reissue Check"
  },
  {
    "worktype_id": "NBREQRMNT",
    "worktype_label": "nbA Requirement"
  },
  {
    "worktype_id": "NBRETCHK",
    "worktype_label": "New Business Returned Check"
  },
  {
    "worktype_id": "NBRETEFT",
    "worktype_label": "New Business Returned EFT"
  },
  {
    "worktype_id": "NBRFUNDEFT",
    "worktype_label": "New Business Refund - EFT Payment"
  },
  {
    "worktype_id": "NBSTOP",
    "worktype_label": "New Business Stop Check"
  },
  {
    "worktype_id": "NBTEMPREQ",
    "worktype_label": "nbA Temporary Requirement"
  },
  {
    "worktype_id": "NBTRLML",
    "worktype_label": "NBTRLML"
  },
  {
    "worktype_id": "NBVALDERR",
    "worktype_label": "nbA Validation Error"
  },
  {
    "worktype_id": "NBVOID",
    "worktype_label": "New Business Void Check"
  },
  {
    "worktype_id": "POSTISS",
    "worktype_label": "Post Issue Requirements"
  },
  {
    "worktype_id": "PREMWIREIN",
    "worktype_label": "Premium - Wire In (Government Allotments/Listbills/Other)"
  },
  {
    "worktype_id": "PRRFUNDEFT",
    "worktype_label": "Premium Refund EFT"
  },
  {
    "worktype_id": "REG60",
    "worktype_label": "Replacements from NY and FL"
  },
  {
    "worktype_id": "REG60REPLY",
    "worktype_label": "Regulation 60 Reply Processing"
  },
  {
    "worktype_id": "REINRFDEFT",
    "worktype_label": "Reinstatement Refund EFT Payment"
  },
  {
    "worktype_id": "REINSREPLY",
    "worktype_label": "Reinsurance Reply"
  },
  {
    "worktype_id": "REPNEWDTH",
    "worktype_label": "Repetitive New Death Claim Payment"
  },
  {
    "worktype_id": "REPNEWMAT",
    "worktype_label": "Repetitive New Maturity Payment"
  },
  {
    "worktype_id": "REPNEWSURR",
    "worktype_label": "Repetitive New Surrender Payment"
  },
  {
    "worktype_id": "REQMNT",
    "worktype_label": "Miscellaneous Pre-Issue Requirement"
  },
  {
    "worktype_id": "RESEARCH",
    "worktype_label": "Policy Research - Deferred"
  },
  {
    "worktype_id": "RISKRTER",
    "worktype_label": "RISKRTER"
  },
  {
    "worktype_id": "SURREFT",
    "worktype_label": "Surrender/Termination/Cancellation EFT Payment"
  },
  {
    "worktype_id": "SURRXEFT",
    "worktype_label": "1035 Exchange EFT Payment"
  },
  {
    "worktype_id": "TCANEFT",
    "worktype_label": "Term Cancellations EFT Payments"
  },
  {
    "worktype_id": "TDERRORCL",
    "worktype_label": "Time Driven Error Import"
  },
  {
    "worktype_id": "TDERRORNB",
    "worktype_label": "Time Driven Error Import"
  },
  {
    "worktype_id": "TDERRORTX",
    "worktype_label": "Time Driven Error Import"
  },
  {
    "worktype_id": "TRASHCASE",
    "worktype_label": "TRASHCASE"
  },
  {
    "worktype_id": "TRIALAPP",
    "worktype_label": "New Business Trial Application"
  },
  {
    "worktype_id": "TRIALEKGRV",
    "worktype_label": "New Business Trial App - EKG Review"
  },
  {
    "worktype_id": "TRIALTRLML",
    "worktype_label": "New Business Trial App Trailing Mail"
  },
  {
    "worktype_id": "WELLCORR",
    "worktype_label": "Wellness Rider Reminder Notifications"
  },
  {
    "worktype_id": "WELLRID",
    "worktype_label": "Wellness Rider Benefit"
  },
  {
    "worktype_id": "WIRE",
    "worktype_label": "Wire Transfer - Out"
  },
  {
    "worktype_id": "WITHDRWEFT",
    "worktype_label": "Withdrawal/Partial Surrender EFT Payment"
  },
  {
    "worktype_id": "WPPDEFT",
    "worktype_label": "Waiver of Premium Claim EFT Payment"
  },
  {
    "worktype_id": "M1035INT",
    "worktype_label": "Used for Internal 1035 Requests"
  },
  {
    "worktype_id": "M712",
    "worktype_label": "Request for FORM 712"
  },
  {
    "worktype_id": "MADDCHG",
    "worktype_label": "Address Change"
  },
  {
    "worktype_id": "MANNST",
    "worktype_label": "Annual Statement"
  },
  {
    "worktype_id": "MASGMNT",
    "worktype_label": "Assignment"
  },
  {
    "worktype_id": "MBNKRUPTCY",
    "worktype_label": "Bankruptcy"
  },
  {
    "worktype_id": "MBENECHG",
    "worktype_label": "Beneficiary Change"
  },
  {
    "worktype_id": "MCORRESP",
    "worktype_label": "Correspondence"
  },
  {
    "worktype_id": "MCOSTBAS",
    "worktype_label": "Cost Basis"
  },
  {
    "worktype_id": "MDUPLIC",
    "worktype_label": "Duplicate Policy"
  },
  {
    "worktype_id": "MFORMS",
    "worktype_label": "Request for Forms"
  },
  {
    "worktype_id": "MFUNDALLOC",
    "worktype_label": "Fund Allocation"
  },
  {
    "worktype_id": "MLAPSE",
    "worktype_label": "Lapse-Used to Notify PO"
  },
  {
    "worktype_id": "MLAPSEPEND",
    "worktype_label": "Lapse Pending-Used to Notify PO"
  },
  {
    "worktype_id": "MLOANRES",
    "worktype_label": "Loan Research"
  },
  {
    "worktype_id": "MMATCORR",
    "worktype_label": "Used to Notify PO of Upcoming Maturity"
  },
  {
    "worktype_id": "MOVERLOAN",
    "worktype_label": "Overloan"
  },
  {
    "worktype_id": "MOWNCHG",
    "worktype_label": "Owner Change"
  },
  {
    "worktype_id": "MPOA",
    "worktype_label": "Power of Attorney"
  },
  {
    "worktype_id": "MPOLCERT",
    "worktype_label": "Policy Certificate"
  },
  {
    "worktype_id": "MPOLCHG",
    "worktype_label": "Requests for Policy Change"
  },
  {
    "worktype_id": "MPOLINQURY",
    "worktype_label": "Policy Inquiry-Simple"
  },
  {
    "worktype_id": "MPOLRES",
    "worktype_label": "In Depth Policy Research/Not Loan"
  },
  {
    "worktype_id": "MPS58",
    "worktype_label": "PS58 information"
  },
  {
    "worktype_id": "MQUOTES",
    "worktype_label": "Quotes"
  },
  {
    "worktype_id": "MREG60",
    "worktype_label": "Reg 60 values"
  },
  {
    "worktype_id": "MREINST",
    "worktype_label": "Reinstatement"
  },
  {
    "worktype_id": "MREINTFORM",
    "worktype_label": "Reinstatement Form"
  },
  {
    "worktype_id": "MREINSTMNY",
    "worktype_label": "Reinstatement Money in Suspense"
  },
  {
    "worktype_id": "MREPLACE",
    "worktype_label": "Policy Replacement"
  },
  {
    "worktype_id": "MRETMAIL",
    "worktype_label": "Returned Mail"
  },
  {
    "worktype_id": "MSCHEDULA",
    "worktype_label": "Schedule A information"
  },
  {
    "worktype_id": "MWELLCORR",
    "worktype_label": "Used for Wellness Rider Notification"
  },
  {
    "worktype_id": "MWELLRID",
    "worktype_label": "Wellness Rider Information"
  },
  {
    "worktype_id": "MCDSRETCHK",
    "worktype_label": "CDS Return Check"
  },
  {
    "worktype_id": "MCHKREISSUE",
    "worktype_label": "Check Reissue"
  },
  {
    "worktype_id": "MCSREFUND",
    "worktype_label": "Request for Refund"
  },
  {
    "worktype_id": "MFUNDALLOC",
    "worktype_label": "Fund Allocation"
  },
  {
    "worktype_id": "MLOAN",
    "worktype_label": "Loan Disbursement"
  },
  {
    "worktype_id": "MMATURITY",
    "worktype_label": "Maturity Disbursement"
  },
  {
    "worktype_id": "MNFO",
    "worktype_label": "Non-Forfeiture Option"
  },
  {
    "worktype_id": "MSTOP",
    "worktype_label": "Stop Payment"
  },
  {
    "worktype_id": "MSURR",
    "worktype_label": "Surrender Disbursement"
  },
  {
    "worktype_id": "MSURRX",
    "worktype_label": "External 1035 Exchange"
  },
  {
    "worktype_id": "MTCAN",
    "worktype_label": "Term Surrenders"
  },
  {
    "worktype_id": "MTDERROR",
    "worktype_label": "Time Driven Error"
  },
  {
    "worktype_id": "MTEFRA",
    "worktype_label": "Tefra"
  },
  {
    "worktype_id": "MVOID",
    "worktype_label": "Voided Check"
  },
  {
    "worktype_id": "MWITHDRAW",
    "worktype_label": "Withdraw"
  },
  {
    "worktype_id": "MBILCHG",
    "worktype_label": "Mode change/Bill Day Change"
  },
  {
    "worktype_id": "MPREMRSRCH",
    "worktype_label": "Premium History/Premium Questions"
  },
  {
    "worktype_id": "MEFTRESRCH",
    "worktype_label": "EFT Questions"
  },
  {
    "worktype_id": "MMANBILL",
    "worktype_label": "Request for duplicate/manual bill"
  },
  {
    "worktype_id": "MMANEFT",
    "worktype_label": "Request for special draft/change to draft"
  },
  {
    "worktype_id": "MFSREFUND",
    "worktype_label": "Refund of Premium Request"
  },
  {
    "worktype_id": "MDTHCLM",
    "worktype_label": "Death Claim"
  },
  {
    "worktype_id": "MDTHCLM1",
    "worktype_label": "Death Claim/special handling"
  },
  {
    "worktype_id": "MDTHCLMPOE",
    "worktype_label": "Death Claim Proof of Existence"
  },
  {
    "worktype_id": "MDTHCLMPOE1",
    "worktype_label": "Death Claim Proof of Existence/special handling"
  },
  {
    "worktype_id": "MCNTSTCLM",
    "worktype_label": "Contestable Claim"
  },
  {
    "worktype_id": "MCNTSTCLM1",
    "worktype_label": "Contestable Claim/special handling"
  },
  {
    "worktype_id": "MDTHRES",
    "worktype_label": "Death Research"
  }
]}